x,Potential(V)
0.061223241780397,0.595949312660453
0.061937459494805,0.594706789928294
0.061934106359995,0.593464267196135
0.061930753225186,0.592221744463976
0.061927400090376,0.590979221731817
0.061924046955567,0.589736698999659
0.061920693820758,0.5884941762675
0.061917340685948,0.587251653535341
0.061913987551139,0.586009130803182
0.061910634416329,0.584766608071023
0.06190728128152,0.583524085338864
0.06190392814671,0.582281562606705
0.061900575011901,0.581039039874546
0.061897221877092,0.579796517142387
0.061893868742282,0.578553994410228
0.061890515607473,0.57731147167807
0.061887162472663,0.576068948945911
0.061883809337854,0.574826426213752
0.061880456203045,0.573583903481593
0.061877103068235,0.572341380749434
0.061873749933426,0.571098858017275
0.061870396798616,0.569856335285116
0.061867043663807,0.568613812552957
0.061863690528997,0.567371289820798
0.061860337394188,0.56612876708864
0.061856984259379,0.564886244356481
0.061853631124569,0.563643721624322
0.06185027798976,0.562401198892163
0.06184692485495,0.561158676160004
0.061843571720141,0.559916153427845
0.061840218585331,0.558673630695686
0.061836865450522,0.557431107963527
0.061833512315713,0.556188585231369
0.061830159180903,0.55494606249921
0.061826806046094,0.553703539767051
0.061823452911284,0.552461017034892
0.061820099776475,0.551218494302733
0.061816746641665,0.549975971570574
0.061813393506856,0.548733448838415
0.061810040372047,0.547490926106256
0.061806687237237,0.546248403374097
0.061803334102428,0.545005880641938
0.061799980967618,0.54376335790978
0.061796627832809,0.542520835177621
0.061793274697999,0.541278312445462
0.06178992156319,0.540035789713303
0.061786568428381,0.538793266981144
0.061783215293571,0.537550744248985
0.061779862158762,0.536308221516826
0.061776509023952,0.535065698784667
0.061773155889143,0.533823176052508
0.061769802754334,0.53258065332035
0.061766449619524,0.531338130588191
0.061763096484715,0.530095607856032
0.061759743349905,0.528853085123873
0.061756390215096,0.527610562391714
0.061753037080286,0.526368039659555
0.061749683945477,0.525125516927396
0.061746330810668,0.523882994195237
0.061742977675858,0.522640471463078
0.061739624541049,0.52139794873092
0.061736271406239,0.520155425998761
0.06173291827143,0.518912903266602
0.06172956513662,0.517670380534443
0.061726212001811,0.516427857802284
0.061722858867002,0.515185335070125
0.061719505732192,0.513942812337966
0.061716152597383,0.512700289605807
0.061712799462573,0.511457766873648
0.061709446327764,0.510215244141489
0.061706093192954,0.508972721409331
0.061702740058145,0.507730198677172
0.062417376914404,0.506642991286533
0.063332363575525,0.579796517142387
0.063329010440716,0.578553994410228
0.063325657305906,0.57731147167807
0.063322304171097,0.576068948945911
0.063318951036288,0.574826426213752
0.063315597901478,0.573583903481593
0.063312244766669,0.572341380749434
0.063308891631859,0.571098858017275
0.06330553849705,0.569856335285116
0.06330218536224,0.568613812552957
0.063298832227431,0.567371289820798
0.063295479092622,0.56612876708864
0.063292125957812,0.564886244356481
0.063288772823003,0.563643721624322
0.063285419688193,0.562401198892163
0.063282066553384,0.561158676160004
0.063278713418574,0.559916153427845
0.063275360283765,0.558673630695686
0.063272007148956,0.557431107963527
0.063268654014146,0.556188585231369
0.063265300879337,0.55494606249921
0.063261947744527,0.553703539767051
0.063258594609718,0.552461017034892
0.063255241474908,0.551218494302733
0.063251888340099,0.549975971570574
0.06324853520529,0.548733448838415
0.06324518207048,0.547490926106256
0.063241828935671,0.546248403374097
0.063238475800861,0.545005880641938
0.063235122666052,0.54376335790978
0.063231769531242,0.542520835177621
0.063228416396433,0.541278312445462
0.063225063261624,0.540035789713303
0.063221710126814,0.538793266981144
0.063218356992005,0.537550744248985
0.063215003857195,0.536308221516826
0.063211650722386,0.535065698784667
0.063208297587577,0.533823176052508
0.063204944452767,0.53258065332035
0.063201591317958,0.531338130588191
0.063198238183148,0.530095607856032
0.063194885048339,0.528853085123873
0.063191531913529,0.527610562391714
0.06318817877872,0.526368039659555
0.063184825643911,0.525125516927396
0.063181472509101,0.523882994195237
0.063178119374292,0.522640471463078
0.063174766239482,0.52139794873092
0.063171413104673,0.520155425998761
0.063168059969863,0.518912903266602
0.063164706835054,0.517670380534443
0.063161353700245,0.516427857802284
0.063158000565435,0.515185335070125
0.063154647430626,0.513942812337966
0.063151294295816,0.512700289605807
0.063147941161007,0.511457766873648
0.063144588026197,0.510215244141489
0.063141234891388,0.508972721409331
0.063137881756579,0.507730198677172
0.063131594628811,0.505400468554374
0.063971694612522,0.506487675945013
0.063964988342903,0.504002630480695
0.063841201782855,0.502449477065496
0.063837848648046,0.501206954333338
0.063834495513237,0.499964431601179
0.063831142378427,0.49872190886902
0.063827789243618,0.497479386136861
0.063824436108808,0.496236863404702
0.063821082973999,0.494994340672543
0.063817729839189,0.493751817940384
0.06381437670438,0.492509295208225
0.063811023569571,0.491266772476066
0.063807670434761,0.490024249743908
0.063804317299952,0.488781727011749
0.063800964165142,0.48753920427959
0.063797611030333,0.486296681547431
0.063794257895523,0.485054158815272
0.063790904760714,0.483811636083113
0.063787551625905,0.482569113350954
0.063784198491095,0.481326590618795
0.063780845356286,0.480084067886636
0.063777492221476,0.478841545154477
0.063774139086667,0.477599022422319
0.063770785951857,0.47635649969016
0.063767432817048,0.475113976958001
0.063764079682239,0.473871454225842
0.063760726547429,0.472628931493683
0.06375737341262,0.471386408761524
0.06375402027781,0.470143886029365
0.063750667143001,0.468901363297206
0.063747314008191,0.467658840565048
0.063743960873382,0.466416317832889
0.063740607738573,0.46517379510073
0.063737254603763,0.463931272368571
0.063733901468954,0.462688749636412
0.063731386617847,0.461756857587293
0.064407043281946,0.579175255776308
0.064403690147136,0.577932733044149
0.064400337012327,0.57669021031199
0.064396983877517,0.575447687579831
0.064393630742708,0.574205164847672
0.064390277607899,0.572962642115513
0.064386924473089,0.571720119383355
0.06438357133828,0.570477596651196
0.06438021820347,0.569235073919037
0.064376865068661,0.567992551186878
0.064373511933851,0.566750028454719
0.064370158799042,0.56550750572256
0.064366805664233,0.564264982990401
0.064363452529423,0.563022460258242
0.064360099394614,0.561779937526083
0.064715112542562,0.560382099452405
0.064353393124995,0.559294892061766
0.064350039990185,0.558052369329607
0.064346686855376,0.556809846597448
0.064343333720567,0.555567323865289
0.064339980585757,0.55432480113313
0.064336627450948,0.553082278400971
0.064333274316138,0.551839755668812
0.064329921181329,0.550597232936653
0.06432656804652,0.549354710204495
0.06432321491171,0.548112187472336
0.064319861776901,0.546869664740177
0.064316508642091,0.545627142008018
0.064313155507282,0.544384619275859
0.064309802372472,0.5431420965437
0.064306449237663,0.541899573811541
0.064303096102854,0.540657051079382
0.064299742968044,0.539414528347223
0.064296389833235,0.538172005615064
0.064293036698425,0.536929482882906
0.064289683563616,0.535686960150747
0.064286330428806,0.534444437418588
0.064282977293997,0.533201914686429
0.064279624159188,0.53195939195427
0.064276271024378,0.530716869222111
0.064272917889569,0.529474346489952
0.064269564754759,0.528231823757793
0.06426621161995,0.526989301025635
0.06426285848514,0.525746778293476
0.064259505350331,0.524504255561317
0.064256152215522,0.523261732829158
0.064252799080712,0.522019210096999
0.064249445945903,0.52077668736484
0.064246092811093,0.519534164632681
0.064242739676284,0.518291641900522
0.064239386541474,0.517049119168363
0.064236033406665,0.515806596436205
0.064232680271856,0.514564073704046
0.064229327137046,0.513321550971887
0.064225974002237,0.512079028239728
0.064222620867427,0.510836505507569
0.064219267732618,0.50959398277541
0.064215914597809,0.508351460043251
0.065286402885717,0.506177045261973
0.065283049750908,0.504934522529814
0.065279696616098,0.503691999797655
0.065276343481289,0.502449477065496
0.06527299034648,0.501206954333338
0.06526963721167,0.499964431601179
0.065266284076861,0.49872190886902
0.065262930942051,0.497479386136861
0.065259577807242,0.496236863404702
0.065256224672432,0.494994340672543
0.065252871537623,0.493751817940384
0.065249518402814,0.492509295208225
0.065246165268004,0.491266772476066
0.065242812133195,0.490024249743908
0.065239458998385,0.488781727011749
0.065236105863576,0.48753920427959
0.065232752728766,0.486296681547431
0.065229399593957,0.485054158815272
0.065226046459148,0.483811636083113
0.065222693324338,0.482569113350954
0.065219340189529,0.481326590618795
0.065215987054719,0.480084067886636
0.06521263391991,0.478841545154477
0.0652092807851,0.477599022422319
0.065205927650291,0.47635649969016
0.065202574515482,0.475113976958001
0.065199221380672,0.473871454225842
0.065195868245863,0.472628931493683
0.065192515111053,0.471386408761524
0.065189161976244,0.470143886029365
0.065185808841434,0.468901363297206
0.065182455706625,0.467658840565048
0.065179102571816,0.466416317832889
0.065175749437006,0.46517379510073
0.065172396302197,0.463931272368571
0.065169043167387,0.462688749636412
0.065165690032578,0.461446226904253
0.065162336897769,0.460203704172094
0.065158983762959,0.458961181439935
0.06515563062815,0.457718658707776
0.06515227749334,0.456476135975617
0.065148924358531,0.455233613243459
0.065145571223721,0.4539910905113
0.065142218088912,0.452748567779141
0.065138864954103,0.451506045046982
0.065135511819293,0.450263522314823
0.065132158684484,0.449020999582664
0.065128805549674,0.447778476850505
0.065125452414865,0.446535954118346
0.065122099280055,0.445293431386187
0.065118746145246,0.444050908654029
0.065115393010437,0.44280838592187
0.06511287815933,0.44187649387275
0.066360244308435,0.505245153212854
0.066356891173626,0.504002630480695
0.066353538038816,0.502760107748536
0.066350184904007,0.501517585016377
0.066346831769198,0.500275062284218
0.066343478634388,0.499032539552059
0.066340125499579,0.497790016819901
0.066336772364769,0.496547494087742
0.06633341922996,0.495304971355583
0.066330066095151,0.494062448623424
0.066326712960341,0.492819925891265
0.066323359825532,0.491577403159106
0.066320006690722,0.490334880426947
0.066316653555913,0.489092357694788
0.066313300421103,0.48784983496263
0.066309947286294,0.486607312230471
0.066306594151485,0.485364789498312
0.066303241016675,0.484122266766153
0.066299887881866,0.482879744033994
0.066296534747056,0.481637221301835
0.066293181612247,0.480394698569676
0.066289828477437,0.479152175837517
0.066286475342628,0.477909653105358
0.066283122207819,0.476667130373199
0.066279769073009,0.475424607641041
0.0662764159382,0.474182084908882
0.06627306280339,0.472939562176723
0.066269709668581,0.471697039444564
0.066266356533771,0.470454516712405
0.066263003398962,0.469211993980246
0.066259650264153,0.467969471248087
0.066256297129343,0.466726948515928
0.066252943994534,0.465484425783769
0.066249590859724,0.46424190305161
0.066246237724915,0.462999380319452
0.066600831731012,0.461446226904253
0.066597478596202,0.460203704172094
0.066594125461393,0.458961181439935
0.066590772326583,0.457718658707776
0.066587419191774,0.456476135975617
0.066584066056964,0.455233613243459
0.066580712922155,0.4539910905113
0.066577359787346,0.452748567779141
0.066574006652536,0.451506045046982
0.066570653517727,0.450263522314823
0.066567300382917,0.449020999582664
0.066563947248108,0.447778476850505
0.066560594113298,0.446535954118346
0.066557240978489,0.445293431386187
0.06655388784368,0.444050908654029
0.06655053470887,0.44280838592187
0.066547181574061,0.441565863189711
0.066186719582048,0.440944601823631
0.067380156146302,0.440012709774512
0.067256369586254,0.438459556359314
0.067253016451445,0.437217033627155
0.067249663316635,0.435974510894996
0.067246310181826,0.434731988162837
0.067242957047016,0.433489465430678
0.067239603912207,0.432246942698519
0.067236250777397,0.43100441996636
0.067232897642588,0.429761897234201
0.067229544507779,0.428519374502042
0.067226191372969,0.427276851769884
0.06722283823816,0.426034329037725
0.06721948510335,0.424791806305566
0.067216131968541,0.423549283573407
0.067212778833731,0.422306760841248
0.067209425698922,0.421064238109089
0.068032620294636,0.460203704172094
0.068029267159826,0.458961181439935
0.068025914025017,0.457718658707776
0.068022560890207,0.456476135975617
0.068019207755398,0.455233613243459
0.068015854620589,0.4539910905113
0.068012501485779,0.452748567779141
0.06800914835097,0.451506045046982
0.06800579521616,0.450263522314823
0.068002442081351,0.449020999582664
0.067999088946542,0.447778476850505
0.067995735811732,0.446535954118346
0.067992382676923,0.445293431386187
0.067989029542113,0.444050908654029
0.067985676407304,0.44280838592187
0.067982323272494,0.441565863189711
0.068815297844736,0.440012709774512
0.068691511284688,0.438459556359314
0.068688158149878,0.437217033627155
0.068684805015069,0.435974510894996
0.068681451880259,0.434731988162837
0.06867809874545,0.433489465430678
0.06867474561064,0.432246942698519
0.068671392475831,0.43100441996636
0.068668039341022,0.429761897234201
0.068664686206212,0.428519374502042
0.068661333071403,0.427276851769884
0.068657979936593,0.426034329037725
0.068654626801784,0.424791806305566
0.068651273666974,0.423549283573407
0.068647920532165,0.422306760841248
0.068644567397356,0.421064238109089
0.068641214262546,0.41982171537693
0.069354593693251,0.418268561961732
0.069351240558442,0.417026039229573
0.069347887423632,0.415783516497414
0.069344534288823,0.414540993765255
0.069341181154014,0.413298471033096
0.069337828019204,0.412055948300937
0.069334474884395,0.410813425568778
0.069331121749585,0.409570902836619
0.069327768614776,0.40832838010446
0.069324415479966,0.407085857372302
0.069321062345157,0.405843334640143
0.069317709210348,0.404600811907984
0.069314356075538,0.403358289175825
0.069311002940729,0.402115766443666
0.069307649805919,0.400873243711507
0.06930429667111,0.399630720979348
0.0693009435363,0.398388198247189
0.070128329550526,0.439080817725393
0.070124976415716,0.437838294993234
0.070121623280907,0.436595772261075
0.070118270146098,0.435353249528916
0.070114917011288,0.434110726796757
0.070111563876479,0.432868204064598
0.070108210741669,0.43162568133244
0.07010485760686,0.430383158600281
0.070101504472051,0.429140635868122
0.070098151337241,0.427898113135963
0.070094798202432,0.426655590403804
0.070091445067622,0.425413067671645
0.070088091932813,0.424170544939486
0.070084738798003,0.422928022207327
0.070081385663194,0.421685499475169
0.070078032528385,0.42044297674301
0.070074679393575,0.419200454010851
0.070135315248046,0.397352762637057
0.070907653965816,0.417647300595652
0.070783867405768,0.416094147180454
0.070780514270959,0.414851624448295
0.070777161136149,0.413609101716136
0.07077380800134,0.412366578983977
0.070770454866531,0.411124056251818
0.070767101731721,0.409881533519659
0.070763748596912,0.4086390107875
0.070760395462102,0.407396488055341
0.070757042327293,0.406153965323182
0.070753689192484,0.404911442591023
0.070750336057674,0.403668919858865
0.070746982922865,0.402426397126706
0.070743629788055,0.401183874394547
0.070740276653246,0.399941351662388
0.070736923518436,0.398698828930229
0.071509821092009,0.419200454010851
0.071569898090678,0.39714567551503
0.07144611153063,0.395592522099832
0.07144275839582,0.394349999367673
0.071439405261011,0.393107476635514
0.071436052126201,0.391864953903355
0.071432698991392,0.390622431171196
0.071429345856583,0.389379908439037
0.071425992721773,0.388137385706878
0.071422639586964,0.38689486297472
0.071419286452154,0.385652340242561
0.071415933317345,0.384409817510402
0.071412580182535,0.383167294778243
0.071409227047726,0.381924772046084
0.071405873912917,0.380682249313925
0.071402520778107,0.379439726581766
0.071399167643298,0.378197203849607
0.071038705651285,0.377575942483528
0.071864415098105,0.417647300595652
0.071861061963296,0.416404777863493
0.071857708828486,0.415162255131334
0.071854355693677,0.413919732399175
0.071851002558868,0.412677209667016
0.071847649424058,0.411434686934858
0.071844296289249,0.410192164202699
0.071840943154439,0.40894964147054
0.07183759001963,0.407707118738381
0.071834236884821,0.406464596006222
0.071830883750011,0.405222073274063
0.07218631603981,0.403979550541904
0.072182962905001,0.402737027809745
0.072179609770191,0.401494505077587
0.071817471210773,0.400251982345428
0.07217206521687,0.398698828930229
0.07223242164344,0.376747593995422
0.072885444647575,0.39714567551503
0.072882091512766,0.395903152782871
0.072878738377956,0.394660630050713
0.072875385243147,0.393418107318554
0.072872032108337,0.392175584586395
0.072868678973528,0.390933061854236
0.072865325838718,0.389690539122077
0.072861972703909,0.388448016389918
0.0728586195691,0.387205493657759
0.07285526643429,0.3859629709256
0.072851913299481,0.384720448193441
0.072848560164671,0.383477925461283
0.072845207029862,0.382235402729124
0.072841853895053,0.380992879996965
0.072838500760243,0.379750357264806
0.072835147625434,0.378507834532647
0.073549365339841,0.377265311800488
0.073546012205032,0.376022789068329
0.073542659070222,0.37478026633617
0.073539305935413,0.373537743604011
0.073535952800603,0.372295220871853
0.073532599665794,0.371052698139694
0.073529246530985,0.369810175407535
0.073525893396175,0.368567652675376
0.073522540261366,0.367325129943217
0.073519187126556,0.366082607211058
0.073515833991747,0.364840084478899
0.073512480856937,0.36359756174674
0.073509127722128,0.362355039014581
0.073505774587319,0.361112516282423
0.073502421452509,0.359869993550264
0.0734990683177,0.358627470818105
0.07349571518289,0.357384948085946
0.073492781189932,0.356297740695307
0.073958447786591,0.395903152782871
0.073955094651781,0.394660630050713
0.073951741516972,0.393418107318554
0.073948388382163,0.392175584586395
0.073945035247353,0.390933061854236
0.073941682112544,0.389690539122077
0.073938328977734,0.388448016389918
0.073934975842925,0.387205493657759
0.073931622708115,0.3859629709256
0.073928269573306,0.384720448193441
0.073924916438497,0.383477925461283
0.073921563303687,0.382235402729124
0.073918210168878,0.380992879996965
0.073914857034068,0.379750357264806
0.073911503899259,0.378507834532647
0.074981992187168,0.376333419751369
0.074978639052358,0.37509089701921
0.074975285917549,0.373848374287051
0.074971932782739,0.372605851554892
0.07496857964793,0.371363328822733
0.07496522651312,0.370120806090575
0.074961873378311,0.368878283358416
0.074958520243502,0.367635760626257
0.074955167108692,0.366393237894098
0.074951813973883,0.365150715161939
0.074948460839073,0.36390819242978
0.074945107704264,0.362665669697621
0.074941754569454,0.361423146965462
0.074938401434645,0.360180624233303
0.074935048299836,0.358938101501144
0.074931695165026,0.357695578768986
0.074928342030217,0.356453056036827
0.074924988895407,0.355210533304668
0.074921635760598,0.353968010572509
0.074918282625789,0.35272548784035
0.074914929490979,0.351482965108191
0.07491157635617,0.350240442376032
0.07490822322136,0.348997919643873
0.074904870086551,0.347755396911714
0.074901516951741,0.346512874179556
0.074898163816932,0.345270351447397
0.074894810682123,0.344027828715238
0.074891457547313,0.342785305983079
0.074888104412504,0.34154278325092
0.074884751277694,0.340300260518761
0.074882236426587,0.339368368469642
0.076054157042481,0.37478026633617
0.076050803907672,0.373537743604011
0.076048289056564,0.372605851554892
0.076035714801029,0.367946391309296
0.07603236166622,0.366703868577138
0.07602900853141,0.365461345844979
0.076025655396601,0.36421882311282
0.076022302261791,0.362976300380661
0.076018949126982,0.361733777648502
0.076015595992173,0.360491254916343
0.076012242857363,0.359248732184184
0.076008889722554,0.358006209452025
0.076005536587744,0.356763686719867
0.076360968877543,0.355521163987708
0.076357615742734,0.354278641255549
0.076354262607924,0.35303611852339
0.076350909473115,0.351793595791231
0.076347556338306,0.350551073059072
0.076344203203496,0.349308550326913
0.076340850068687,0.348066027594754
0.076337496933877,0.346823504862595
0.076334143799068,0.345580982130436
0.076330790664259,0.344338459398278
0.076327437529449,0.343095936666119
0.07632408439464,0.34185341393396
0.07632073125983,0.340610891201801
0.076317378125021,0.339368368469642
0.076314444132063,0.338281161079003
0.077147837846155,0.336883323005324
0.077024051286107,0.335330169590126
0.077020698151298,0.334087646857967
0.077017345016488,0.332845124125808
0.077013991881679,0.331602601393649
0.077010638746869,0.33036007866149
0.07700728561206,0.329117555929331
0.07700393247725,0.327875033197172
0.077435648583964,0.354899902621628
0.077432295449154,0.353657379889469
0.077428942314345,0.35241485715731
0.077425589179536,0.351172334425151
0.077780183185632,0.349619181009953
0.077777249192674,0.348531973619314
0.077415529775107,0.347444766228675
0.077770962064906,0.346202243496516
0.077768028071948,0.345115036105877
0.077763417511585,0.343406567349158
0.077760483518627,0.342319359958519
0.07739876410106,0.34123215256788
0.077753358107157,0.339678999152682
0.077750004972347,0.338436476420523
0.078463384403052,0.336883323005324
0.078460031268243,0.335640800273165
0.078456678133433,0.334398277541006
0.078453324998624,0.333155754808848
0.078449971863815,0.331913232076689
0.078446618729005,0.33067070934453
0.078443265594196,0.329428186612371
0.078439912459386,0.328185663880212
0.078436559324577,0.326943141148053
0.078433625331619,0.325855933757414
0.079183470103376,0.337815215054443
0.079267019045711,0.324458095683735
0.079143232485663,0.322904942268537
0.079139879350854,0.321662419536378
0.079136526216044,0.320419896804219
0.079133173081235,0.31917737407206
0.079129819946425,0.317934851339901
0.079126466811616,0.316692328607742
0.079123113676807,0.315449805875583
0.079119760541997,0.314207283143424
0.07911724569089,0.313275391094305
0.079538064109473,0.336262061639245
0.079534710974663,0.335019538907086
0.079531357839854,0.333777016174927
0.079528004705045,0.332534493442768
0.079524651570235,0.331291970710609
0.079521298435426,0.33004944797845
0.079517945300616,0.328806925246291
0.079872539306713,0.327253771831093
0.079869186171904,0.326011249098934
0.080582565602608,0.324458095683735
0.080579212467799,0.323215572951576
0.08057585933299,0.321973050219417
0.08057250619818,0.320730527487259
0.080569153063371,0.3194880047551
0.080565799928561,0.318245482022941
0.080562446793752,0.317002959290782
0.080559093658943,0.315760436558623
0.080555740524133,0.314517913826464
0.080552387389324,0.313275391094305
0.080549034254514,0.312032868362146
0.080541908843044,0.309392507556309
0.081303489586635,0.325700618415894
0.081263251968922,0.310790345629987
0.081256545699303,0.30830530016567
0.081253192564493,0.307062777433511
0.081249839429684,0.305820254701352
0.081246486294875,0.304577731969193
0.081243133160065,0.303335209237034
0.081239780025256,0.302092686504875
0.081236846032297,0.301005479114236
0.081658921876434,0.324458095683735
0.081655568741624,0.323215572951576
0.081652215606815,0.321973050219417
0.081648862472005,0.320730527487259
0.081645509337196,0.3194880047551
0.081642156202387,0.318245482022941
0.081638803067577,0.317002959290782
0.081635449932768,0.315760436558623
0.081632096797958,0.314517913826464
0.081986690804055,0.312964760411266
0.081983337669245,0.311722237679107
0.082097064824865,0.309547822897829
0.082809605971868,0.30768403879959
0.08268581941182,0.306130885384392
0.08268246627701,0.304888362652233
0.082679113142201,0.303645839920074
0.082675760007392,0.302403317187915
0.082672406872582,0.301160794455756
0.082669053737773,0.299918271723597
0.082665700602963,0.298675748991438
0.082662347468154,0.297433226259279
0.082658994333344,0.296190703527121
0.082655641198535,0.294948180794962
0.082652288063726,0.293705658062803
0.082648934928916,0.292463135330644
0.082645581794107,0.291220612598485
0.082642228659297,0.289978089866326
0.083060532226773,0.312032868362146
0.083415964516572,0.310790345629987
0.083412611381763,0.309547822897829
0.083356027231854,0.288580251792647
0.083768043671562,0.30830530016567
0.083764690536752,0.307062777433511
0.083761337401943,0.305820254701352
0.083757984267133,0.304577731969193
0.083754631132324,0.303335209237034
0.083751277997514,0.302092686504875
0.084105872003611,0.300539533089677
0.084102518868802,0.299297010357518
0.084099165733992,0.298054487625359
0.084095812599183,0.2968119648932
0.084092459464373,0.295569442161041
0.084089106329564,0.294326919428882
0.084085753194755,0.293084396696723
0.084082400059945,0.291841873964564
0.084079046925136,0.290599351232405
0.084075693790326,0.289356828500247
0.084908668362567,0.287803675085048
0.084784881802519,0.286250521669849
0.08478152866771,0.28500799893769
0.084778175532901,0.283765476205532
0.084774822398091,0.282522953473373
0.084771469263282,0.281280430741214
0.084768116128472,0.280037908009055
0.084764762993663,0.278795385276896
0.084761409858854,0.277552862544737
0.084758056724044,0.276310339812578
0.084755541872937,0.275378447763459
0.085179713426329,0.299607641040557
0.08517636029152,0.298365118308399
0.08517300715671,0.29712259557624
0.085169654021901,0.295880072844081
0.085166300887092,0.294637550111922
0.085162947752282,0.293395027379763
0.085159594617473,0.292152504647604
0.085156241482663,0.290909981915445
0.085152888347854,0.289667459183286
0.08622589148687,0.288424936451127
0.08622253835206,0.287182413718968
0.086219185217251,0.28593989098681
0.086215832082441,0.284697368254651
0.086212478947632,0.283454845522492
0.086209125812822,0.282212322790333
0.086205772678013,0.280969800058174
0.086202419543204,0.279727277326015
0.086199066408394,0.278484754593856
0.086195713273585,0.277242231861697
0.086192360138775,0.275999709129539
0.086189007003966,0.27475718639738
0.086185653869156,0.273514663665221
0.086182300734347,0.272272140933062
0.086178947599538,0.271029618200903
0.086175594464728,0.269787095468744
0.086172241329919,0.268544572736585
0.086168888195109,0.267302050004426
0.0861655350603,0.266059527272267
0.086162181925491,0.264817004540108
0.086159247932532,0.263729797149469
0.087298894625885,0.287182413718968
0.087295541491076,0.28593989098681
0.087292188356267,0.284697368254651
0.087288835221457,0.283454845522492
0.087285482086648,0.282212322790333
0.087282128951838,0.280969800058174
0.087278775817029,0.279727277326015
0.087275422682219,0.278484754593856
0.08727206954741,0.277242231861697
0.087268716412601,0.275999709129539
0.0876241487024,0.27475718639738
0.08762079556759,0.273514663665221
0.087617442432781,0.272272140933062
0.087614089297971,0.271029618200903
0.087610736163162,0.269787095468744
0.087607383028352,0.268544572736585
0.087604029893543,0.267302050004426
0.087600676758734,0.266059527272267
0.087597323623924,0.264817004540108
0.087593970489115,0.26357448180795
0.087591036496156,0.262487274417311
0.088424430210249,0.261089436343632
0.088300643650201,0.259536282928433
0.088297290515391,0.258293760196274
0.088293937380582,0.257051237464115
0.089056775549726,0.27382529434826
0.089053422414917,0.272582771616102
0.089050069280107,0.271340248883943
0.089046716145298,0.270097726151784
0.089043363010488,0.268855203419625
0.089040009875679,0.267612680687466
0.089036656740869,0.266370157955307
0.08903330360606,0.265127635223148
0.089029950471251,0.263885112490989
0.089026597336441,0.26264258975883
0.089739976767146,0.261089436343632
0.089736623632337,0.259846913611473
0.089733270497527,0.258604390879314
0.089729917362718,0.257361868147155
0.089726564227909,0.256119345414996
0.09046006246747,0.262021328392751
0.090560377083852,0.254876822682837
0.090436590523804,0.253323669267639
0.090433237388995,0.25208114653548
0.090429884254185,0.250838623803321
0.090426531119376,0.249596101071162
0.091173441898175,0.260468174977552
0.091170088763366,0.259225652245394
0.091166735628556,0.257983129513235
0.091163382493747,0.256740606781076
0.091877600208154,0.255498084048917
0.091874247073345,0.254255561316758
0.091870893938535,0.253013038584599
0.091867540803726,0.25177051585244
0.091864187668917,0.250527993120281
0.091860834534107,0.249285470388122
0.091857900541149,0.248198262997483
0.092691294255241,0.246800424923805
0.092567507695193,0.245247271508606
0.092564154560384,0.244004748776447
0.092560801425574,0.242762226044288
0.092558286574467,0.241830333995169
0.092952279914575,0.254876822682837
0.093307712204374,0.253634299950678
0.093304359069564,0.25239177721852
0.093301005934755,0.251149254486361
0.093297652799945,0.249906731754202
0.093294299665136,0.248664209022043
0.09412811252108,0.247421686289884
0.094004325961032,0.245868532874685
0.094000972826222,0.244626010142527
0.093997619691413,0.243383487410368
0.093994266556603,0.242140964678209
0.093990913421794,0.24089844194605
0.094704292852499,0.239345288530851
0.094700939717689,0.238102765798692
0.09469758658288,0.236860243066533
0.094694233448071,0.235617720334375
0.095083197085964,0.246800424923805
0.095438629375763,0.245557902191646
0.095435695382805,0.244470694801007
0.095073137681536,0.243072856727328
0.095428569971335,0.241830333995169
0.095425216836525,0.24058781126301
0.095408451162478,0.234375197602216
0.096139434550932,0.239345288530851
0.096136081416123,0.238102765798692
0.096132728281314,0.236860243066533
0.096129375146504,0.235617720334375
0.096859520251256,0.24027718057997
0.096963188002448,0.234375197602216
0.0968394014424,0.232822044187017
0.09683604830759,0.231579521454858
0.096832695172781,0.230336998722699
0.096829342037972,0.22909447599054
0.096825988903162,0.227851953258381
0.097214114257353,0.238724027164772
0.097210761122544,0.237481504432613
0.097207407987734,0.236238981700454
0.097934199957677,0.239655919213891
0.097921625702142,0.234996458968295
0.09827705799194,0.233753936236136
0.098273704857131,0.232511413503977
0.098270351722322,0.231268890771818
0.098266998587512,0.23002636803966
0.098263645452703,0.228783845307501
0.098260292317893,0.227541322575342
0.098256939183084,0.226298799843183
0.098253586048275,0.225056277111024
0.098250232913465,0.223813754378865
0.098246879778656,0.222571231646706
0.098961097493063,0.221328708914547
0.099350061130956,0.232511413503977
0.099346707996147,0.231268890771818
0.09934419314504,0.230336998722699
0.099340001726528,0.228783845307501
0.099694595732625,0.227230691892302
0.099691242597815,0.225988169160143
0.099687889463006,0.224745646427984
0.099684536328196,0.223503123695825
0.099681183193387,0.222260600963666
0.099794910349007,0.220086186182388
0.100387856354473,0.21822240208415
0.100770113722747,0.226920061209262
0.100766760587938,0.225677538477103
0.100763407453128,0.224435015744945
0.100760054318319,0.223192493012786
0.101114648324416,0.221639339597587
0.101111295189606,0.220396816865428
0.101107942054797,0.219154294133269
0.101222228066218,0.217186966474018
0.102544760320635,0.219775555499349
0.102541407185826,0.21853303276719
0.102538054051016,0.217290510035031
0.102534700916207,0.216047987302872
0.103615248608544,0.217601140718071
0.103970680898343,0.216358617985912
0.103967327763533,0.215116095253753
0.104681964619792,0.214028887863114
0.105047037172168,0.216358617985912
0.105402469461967,0.215116095253753
0.106236282317911,0.213873572521594
0.106113334041565,0.212631049789435
0.107194720017604,0.214494833887673
0.107550152307403,0.213252311155514
0.107546799172594,0.212009788423356
0.108381170884339,0.210974352813223
0.108983617438432,0.212631049789435
0.109817430294376,0.211388527057276
0.109693643734328,0.209835373642078
0.111130462000166,0.210456635008157
0.111127108865357,0.209214112275998
0.11112459401425,0.208282220226879
0.11256225056379,0.209214112275998
0.112558897428981,0.207971589543839
0.112556382577874,0.20703969749472
0.113994039127414,0.207971589543839
0.113990685992605,0.20672906681168
0.113988171141498,0.205797174762561
0.115425827691039,0.20672906681168
0.115422474556229,0.205486544079521
0.115062012564216,0.204865282713442
0.116135853986934,0.203933390664323
0.11686013110577,0.206418436128641
0.11685677797096,0.205175913396482
0.117570995685368,0.203933390664323
0.118294434520501,0.206107805445601
0.118291081385692,0.204865282713442
0.119124335385834,0.203415672859257
0.119726223084125,0.204865282713442
0.12043960251483,0.203312129298243
0.120436668521872,0.202224921907604
0.121160526498857,0.204554652030402
0.1219943393548,0.203312129298243
0.121870971936603,0.201914291224565
0.123309885911698,0.203312129298243
0.123306532776888,0.202069606566085
0.123304017925781,0.201137714516965
0.124743351042726,0.202690867932164
0.124739997907917,0.201448345200005
0.124737063914959,0.200361137809366
0.126177654457458,0.202380237249124
0.126174301322648,0.201137714516965
0.12617136732969,0.200050507126326
0.127610281304784,0.201448345200005
0.127606928169975,0.200205822467846
0.127603994177016,0.199118615077207
0.129043746435813,0.200827083833926
0.129040393301004,0.199584561101767
0.129037878449897,0.198652669052648
0.130478049850544,0.200516453150886
0.130474696715735,0.199273930418727
0.130471762722777,0.198186723028088
0.131909838414168,0.199273930418727
0.131906485279359,0.198031407686568
0.131546023287346,0.197410146320489
0.132739739279501,0.196581797832383
0.133341626977793,0.198031407686568
0.134055006408498,0.19647825427137
0.134052072415539,0.19539104688073
0.134775930392524,0.197720777003528
0.135609743248467,0.19647825427137
0.135486375830271,0.195080416197691
0.136925289805365,0.19647825427137
0.136921936670555,0.195235731539211
0.136919002677597,0.194148524148572
0.137999969511785,0.19585699290529
0.138355401801584,0.194614470173131
0.138352048666775,0.193371947440972
0.139066685523033,0.192284740050333
0.139789705216315,0.194303839490091
0.139786352081506,0.193061316757933
0.140499731512211,0.191508163342734
0.141219817212535,0.192440055391853
0.141334103223956,0.190472727732602
0.142653282343564,0.191818794025774
0.142649929208754,0.190576271293615
0.142646576073945,0.189333748561456
0.144085070907188,0.190576271293615
0.144081717772379,0.189333748561456
0.14407878377942,0.188246541170817
0.145519374321919,0.190265640610575
0.14551602118711,0.189023117878416
0.145513087194152,0.187935910487777
0.146952001169246,0.189333748561456
0.146948648034436,0.188091225829297
0.146946133183329,0.187159333780178
0.14838378973287,0.188091225829297
0.148380436598061,0.186848703097138
0.148019974606047,0.186227441731059
0.149213690598203,0.185399093242953
0.149815578296494,0.186848703097138
0.150170172302591,0.18529554968194
0.151243175441607,0.184053026949781
0.151957812297865,0.182965819559142
0.152677478856338,0.183742396266741
0.153390858287043,0.182189242851542
0.153388343435936,0.181257350802423
0.154110943987367,0.183121134900661
0.154943918559608,0.181567981485463
0.154820970283262,0.180325458753304
0.156258626832803,0.181257350802423
0.156255273697993,0.180014828070264
0.15589481170598,0.179393566704185
0.157088248270235,0.178461674655066
0.157690415396427,0.180014828070264
0.157800789417237,0.176597890556827
0.158523389968668,0.178461674655066
0.159235931115671,0.176597890556827
0.159112144555623,0.175044737141629
0.159480151100957,0.178461674655066
0.160194368815365,0.177219151922907
0.160548962821461,0.175665998507708
0.160545609686652,0.174423475775549
0.160543094835545,0.17349158372643
0.161980751385086,0.174423475775549
0.161977398250276,0.17318095304339
0.161974883399169,0.172249060994271
0.16341253994871,0.17318095304339
0.1634091868139,0.171938430311231
0.163406252820942,0.170851222920592
0.164844328512334,0.171938430311231
0.164840975377524,0.170695907579073
0.164480513385511,0.170074646212993
0.165674229377666,0.169246297724887
0.166276117075958,0.170695907579073
0.167109091648199,0.169142754163874
0.166628196230948,0.168210862114755
0.167821912223103,0.167382513626649
0.168423799921394,0.168832123480834
0.169256774493635,0.167278970065636
0.168775879076384,0.166347078016516
0.169969595068539,0.16551872952841
0.170571482766831,0.166968339382596
0.171404457339072,0.165415185967397
0.17092356192182,0.164483293918278
0.172116998486074,0.163551401869159
0.172719165612267,0.165104555284358
0.173552140184508,0.163551401869159
0.173429191908162,0.162308879137
0.174866848457703,0.163240771186119
0.174863495322894,0.16199824845396
0.174860561329935,0.160911041063321
0.176301151872434,0.162930140503079
0.176297798737625,0.161687617770921
0.176295283886518,0.160755725721801
0.177734617003463,0.162308879137
0.177731263868654,0.161066356404841
0.177728329875696,0.159979149014202
0.17916724385079,0.161376987087881
0.17916389071598,0.160134464355722
0.179160537581171,0.158891941623563
0.180599032414414,0.160134464355722
0.180595679279604,0.158891941623563
0.180592326144795,0.157649418891404
0.182029982694336,0.158581310940523
0.182026629559526,0.157338788208364
0.182023695566568,0.156251580817725
0.183463447825365,0.157960049574444
0.183460094690555,0.156717526842285
0.183457160697597,0.155630319451646
0.184896912956393,0.157338788208364
0.184893559821584,0.156096265476206
0.184891044970477,0.155164373427086
0.18632953980372,0.156406896159245
0.186326186668911,0.155164373427086
0.186323671817804,0.154232481377967
0.187761328367344,0.155164373427086
0.187757975232535,0.153921850694928
0.187755460381428,0.152989958645808
0.189193116930968,0.153921850694928
0.189189763796159,0.152679327962769
0.189187248945052,0.151747435913649
0.190625743778295,0.152989958645808
0.190622390643485,0.151747435913649
0.190619456650527,0.15066022852301
0.192059208909324,0.152368697279729
0.192055855774514,0.15112617454757
0.192053340923407,0.150194282498451
0.193493512324055,0.152058066596689
0.193490159189246,0.15081554386453
0.193487225196287,0.149728336473891
0.194925300887679,0.15081554386453
0.19492194775287,0.149573021132371
0.194919432901763,0.148641129083252
0.196359604302411,0.150504913181491
0.196356251167601,0.149262390449332
0.196353736316494,0.148330498400212
0.197792231149737,0.149573021132371
0.197788878014928,0.148330498400212
0.19778636316382,0.147398606351093
0.199225696280766,0.148951759766292
0.199222343145956,0.147709237034133
0.199218990011147,0.146466714301974
0.20065748484439,0.147709237034133
0.200654131709581,0.146466714301974
0.200651197716622,0.145379506911335
0.202091788259121,0.147398606351093
0.202088435124312,0.146156083618934
0.202085081989502,0.144913560886776
0.20352525339015,0.146777344985014
0.203521900255341,0.145534822252855
0.203518966262382,0.144447614862216
0.204956203670072,0.145224191569815
0.204952850535263,0.143981668837656
0.204950335684155,0.143049776788537
0.206031721660195,0.144913560886776
0.206387153949994,0.143671038154617
0.206383800815184,0.142428515422458
0.207098856813294,0.141496623373339
0.207822295648427,0.143671038154617
0.207818942513618,0.142428515422458
0.208533579369876,0.141341308031819
0.209256599063159,0.143360407471577
0.209253245928349,0.142117884739418
0.210086499928491,0.140668274885233
0.210688387626783,0.142117884739418
0.211521362199024,0.140564731324219
0.211040466781772,0.1396328392751
0.212234182773927,0.138804490786994
0.212836908755921,0.140564731324219
0.213551126470329,0.139322208592061
0.213548192477371,0.138235001201421
0.214271212170653,0.14025410064118
0.214984591601358,0.138700947225981
0.214981657608399,0.137613739835342
0.215704677301682,0.1396328392751
0.216537651873923,0.138079685859902
0.216414284455726,0.136681847786223
0.217854874998225,0.138700947225981
0.217851521863415,0.137458424493822
0.217848587870457,0.136371217103183
0.219287501845551,0.137769055176862
0.219284148710742,0.136526532444703
0.219281633859635,0.135594640395584
0.220719290409176,0.136526532444703
0.220715937274366,0.135284009712544
0.220713422423259,0.134352117663425
0.222151917256502,0.135594640395584
0.222148564121693,0.134352117663425
0.222145630128734,0.133264910272786
0.223585382387531,0.134973379029504
0.223582029252722,0.133730856297346
0.223579514401615,0.132798964248226
0.225019685802262,0.134662748346465
0.225016332667453,0.133420225614306
0.225013398674495,0.132333018223667
0.226452312649589,0.133730856297346
0.226448959514779,0.132488333565187
0.226446025521821,0.131401126174548
0.227885777780618,0.133109594931266
0.227882424645808,0.131867072199107
0.227879909794701,0.130935180149988
0.229320081195349,0.132798964248226
0.22931672806054,0.131556441516067
0.22931337492573,0.130313918783909
0.230752708042675,0.131867072199107
0.230749354907866,0.130624549466948
0.230746840056759,0.129692657417829
0.232187849741109,0.131867072199107
0.2321844966063,0.130624549466948
0.232181562613341,0.129537342076309
0.233622991439543,0.131867072199107
0.233619638304733,0.130624549466948
0.233616285169924,0.129382026734789
0.235055618286869,0.130935180149988
0.23505226515206,0.129692657417829
0.234691803160047,0.12907139605175
0.235765644582765,0.12813950400263
0.236489083417898,0.130313918783909
0.236485730283089,0.12907139605175
0.237199947997496,0.127828873319591
0.237923386832629,0.130003288100869
0.23792003369782,0.12876076536871
0.23863508969593,0.127828873319591
0.239358528531063,0.130003288100869
0.239355175396253,0.12876076536871
0.240189547107998,0.127725329758578
0.240791993662092,0.129382026734789
0.241625806518035,0.12813950400263
0.241502019957987,0.126586350587432
0.242941353074933,0.12813950400263
0.242937999940123,0.126896981270472
0.242935485089016,0.125965089221352
0.244376494773366,0.12813950400263
0.244373141638557,0.126896981270472
0.24437062678745,0.125965089221352
0.2458116364718,0.12813950400263
0.24580828333699,0.126896981270472
0.245805768485883,0.125965089221352
0.247244263319126,0.127207611953511
0.247240910184317,0.125965089221352
0.247237976191359,0.124877881830713
0.248678566733858,0.126896981270472
0.248675213599048,0.125654458538313
0.248671860464239,0.124411935806154
0.250113708432291,0.126896981270472
0.250110355297482,0.125654458538313
0.250107002162672,0.124411935806154
0.251666768704856,0.126275719904392
0.251542982144808,0.124722566489194
0.251182520152795,0.124101305123114
0.252983991829159,0.126896981270472
0.252980638694349,0.125654458538313
0.25297728555954,0.124411935806154
0.254419133527592,0.126896981270472
0.254415780392783,0.125654458538313
0.254412427257973,0.124411935806154
0.255852598658621,0.126275719904392
0.255849245523811,0.125033197172233
0.255846730672704,0.124101305123114
0.257285225505948,0.125343827855273
0.257281872371138,0.124101305123114
0.257279357520031,0.123169413073995
0.258719528920679,0.125033197172233
0.258716175785869,0.123790674440074
0.25871282265106,0.122548151707915
0.260154670619112,0.125033197172233
0.260151317484303,0.123790674440074
0.260147964349493,0.122548151707915
0.261589812317546,0.125033197172233
0.261586459182736,0.123790674440074
0.261583106047927,0.122548151707915
0.263024954015979,0.125033197172233
0.26302160088117,0.123790674440074
0.263018247746361,0.122548151707915
0.264460095714413,0.125033197172233
0.264456742579604,0.123790674440074
0.264453389444794,0.122548151707915
0.265895237412847,0.125033197172233
0.265891884278037,0.123790674440074
0.265888531143228,0.122548151707915
0.26733037911128,0.125033197172233
0.267327025976471,0.123790674440074
0.267323672841661,0.122548151707915
0.268765520809714,0.125033197172233
0.268762167674904,0.123790674440074
0.268758814540095,0.122548151707915
0.270198147657041,0.124101305123114
0.270194794522231,0.122858782390955
0.270192279671124,0.121926890341836
0.271631612788069,0.123480043757035
0.27162825965326,0.122237521024876
0.271625744802153,0.121305628975757
0.273065916202801,0.123169413073995
0.273062563067991,0.121926890341836
0.273059629075033,0.120839682951197
0.274501057901234,0.123169413073995
0.274497704766425,0.121926890341836
0.274494351631615,0.120684367609677
0.275936199599668,0.123169413073995
0.275932846464858,0.121926890341836
0.275929493330049,0.120684367609677
0.277371341298101,0.123169413073995
0.277367988163292,0.121926890341836
0.277364635028482,0.120684367609677
0.278806482996535,0.123169413073995
0.278803129861725,0.121926890341836
0.278799776726916,0.120684367609677
0.280241624694969,0.123169413073995
0.280238271560159,0.121926890341836
0.28023491842535,0.120684367609677
0.281676766393402,0.123169413073995
0.281673413258593,0.121926890341836
0.281670060123783,0.120684367609677
0.283111908091836,0.123169413073995
0.283108554957026,0.121926890341836
0.283105201822217,0.120684367609677
0.284547049790269,0.123169413073995
0.28454369665546,0.121926890341836
0.28454034352065,0.120684367609677
0.285982191488703,0.123169413073995
0.285978838353894,0.121926890341836
0.285975485219084,0.120684367609677
0.287417333187137,0.123169413073995
0.287413980052327,0.121926890341836
0.287410626917518,0.120684367609677
0.28885247488557,0.123169413073995
0.288849121750761,0.121926890341836
0.288845768615951,0.120684367609677
0.290287616584004,0.123169413073995
0.290284263449194,0.121926890341836
0.290280910314385,0.120684367609677
0.291722758282437,0.123169413073995
0.291719405147628,0.121926890341836
0.291716052012818,0.120684367609677
0.293157899980871,0.123169413073995
0.293154546846062,0.121926890341836
0.293151193711252,0.120684367609677
0.294593041679305,0.123169413073995
0.294589688544495,0.121926890341836
0.294586335409686,0.120684367609677
0.296028183377738,0.123169413073995
0.296024830242929,0.121926890341836
0.296021477108119,0.120684367609677
0.297463325076172,0.123169413073995
0.297459971941362,0.121926890341836
0.297457037948404,0.120839682951197
0.298898466774605,0.123169413073995
0.298895113639796,0.121926890341836
0.298891760504986,0.120684367609677
0.300333608473039,0.123169413073995
0.30033025533823,0.121926890341836
0.30032690220342,0.120684367609677
0.301767073604068,0.122548151707915
0.301763720469258,0.121305628975757
0.3017607864763,0.120218421585118
0.303199700451394,0.121616259658796
0.303196347316585,0.120373736926637
0.303193413323627,0.119286529535998
0.304634003866126,0.121305628975757
0.304630650731316,0.120063106243598
0.304628135880209,0.119131214194479
0.306069145564559,0.121305628975757
0.30606579242975,0.120063106243598
0.306063277578643,0.119131214194479
0.307504287262993,0.121305628975757
0.307500934128183,0.120063106243598
0.307498419277076,0.119131214194479
0.308939428961426,0.121305628975757
0.308936075826617,0.120063106243598
0.30893356097551,0.119131214194479
0.31037457065986,0.121305628975757
0.310371217525051,0.120063106243598
0.310368702673944,0.119131214194479
0.311809712358294,0.121305628975757
0.311806359223484,0.120063106243598
0.311803844372377,0.119131214194479
0.313244854056727,0.121305628975757
0.313241500921918,0.120063106243598
0.313238986070811,0.119131214194479
0.314679995755161,0.121305628975757
0.314676642620351,0.120063106243598
0.314674127769244,0.119131214194479
0.316115137453594,0.121305628975757
0.316111784318785,0.120063106243598
0.316109269467678,0.119131214194479
0.317550279152028,0.121305628975757
0.317546926017219,0.120063106243598
0.317544411166112,0.119131214194479
0.318985420850462,0.121305628975757
0.318982067715652,0.120063106243598
0.318979552864545,0.119131214194479
0.320420562548895,0.121305628975757
0.320417209414086,0.120063106243598
0.320414694562979,0.119131214194479
0.321855704247329,0.121305628975757
0.321852351112519,0.120063106243598
0.321849836261412,0.119131214194479
0.323290845945762,0.121305628975757
0.323287492810953,0.120063106243598
0.323284977959846,0.119131214194479
0.324725987644196,0.121305628975757
0.324722634509387,0.120063106243598
0.324720119658279,0.119131214194479
0.32616112934263,0.121305628975757
0.32615777620782,0.120063106243598
0.326155261356713,0.119131214194479
0.327596271041063,0.121305628975757
0.327592917906254,0.120063106243598
0.327590403055147,0.119131214194479
0.329031412739497,0.121305628975757
0.329028059604687,0.120063106243598
0.32902554475358,0.119131214194479
0.33046655443793,0.121305628975757
0.330463201303121,0.120063106243598
0.330460686452014,0.119131214194479
0.331901696136364,0.121305628975757
0.331898343001555,0.120063106243598
0.331895828150447,0.119131214194479
0.333336837834797,0.121305628975757
0.333333484699988,0.120063106243598
0.333330969848881,0.119131214194479
0.334771979533231,0.121305628975757
0.334768626398422,0.120063106243598
0.334766111547315,0.119131214194479
0.336207121231665,0.121305628975757
0.336203768096855,0.120063106243598
0.336201253245748,0.119131214194479
0.337642262930098,0.121305628975757
0.337638909795289,0.120063106243598
0.337636394944182,0.119131214194479
0.339077404628532,0.121305628975757
0.339074051493722,0.120063106243598
0.339071536642615,0.119131214194479
0.340512546326965,0.121305628975757
0.340509193192156,0.120063106243598
0.340506678341049,0.119131214194479
0.341947688025399,0.121305628975757
0.34194433489059,0.120063106243598
0.341941820039483,0.119131214194479
0.343380314872726,0.120373736926637
0.343376961737916,0.119131214194479
0.343374446886809,0.118199322145359
0.344813780003754,0.119752475560558
0.344810426868945,0.118509952828399
0.344807912017838,0.11757806077928
0.346248083418486,0.119441844877518
0.346244730283676,0.118199322145359
0.346242215432569,0.11726743009624
0.347683225116919,0.119441844877518
0.34767987198211,0.118199322145359
0.347677357131003,0.11726743009624
0.349118366815353,0.119441844877518
0.349115013680544,0.118199322145359
0.349112498829437,0.11726743009624
0.350553508513787,0.119441844877518
0.350550155378977,0.118199322145359
0.35054764052787,0.11726743009624
0.35198865021222,0.119441844877518
0.351985297077411,0.118199322145359
0.351982782226304,0.11726743009624
0.353423791910654,0.119441844877518
0.353420438775844,0.118199322145359
0.353417923924737,0.11726743009624
0.354858933609087,0.119441844877518
0.354855580474278,0.118199322145359
0.354853065623171,0.11726743009624
0.356294075307521,0.119441844877518
0.356290722172711,0.118199322145359
0.356288207321604,0.11726743009624
0.357729217005955,0.119441844877518
0.357725863871145,0.118199322145359
0.357723349020038,0.11726743009624
0.359164358704388,0.119441844877518
0.359161005569579,0.118199322145359
0.359158490718472,0.11726743009624
0.360599500402822,0.119441844877518
0.360596147268012,0.118199322145359
0.360593632416905,0.11726743009624
0.362034642101255,0.119441844877518
0.362031288966446,0.118199322145359
0.362028774115339,0.11726743009624
0.363469783799689,0.119441844877518
0.36346643066488,0.118199322145359
0.363463915813772,0.11726743009624
0.364904925498123,0.119441844877518
0.364901572363313,0.118199322145359
0.364899057512206,0.11726743009624
0.366340067196556,0.119441844877518
0.366336714061747,0.118199322145359
0.36633419921064,0.11726743009624
0.36777520889499,0.119441844877518
0.36777185576018,0.118199322145359
0.367769340909073,0.11726743009624
0.369210350593423,0.119441844877518
0.369206997458614,0.118199322145359
0.369204482607507,0.11726743009624
0.370645492291857,0.119441844877518
0.370642139157048,0.118199322145359
0.370639624305941,0.11726743009624
0.372080633990291,0.119441844877518
0.372077280855481,0.118199322145359
0.372074766004374,0.11726743009624
0.373515775688724,0.119441844877518
0.373512422553915,0.118199322145359
0.373509907702808,0.11726743009624
0.374950917387158,0.119441844877518
0.374947564252348,0.118199322145359
0.374945049401241,0.11726743009624
0.376386059085591,0.119441844877518
0.376382705950782,0.118199322145359
0.376380191099675,0.11726743009624
0.377821200784025,0.119441844877518
0.377817847649216,0.118199322145359
0.377815332798108,0.11726743009624
0.379256342482459,0.119441844877518
0.379252989347649,0.118199322145359
0.379250474496542,0.11726743009624
0.380691484180892,0.119441844877518
0.380688131046083,0.118199322145359
0.380685616194976,0.11726743009624
0.382126625879326,0.119441844877518
0.382123272744516,0.118199322145359
0.382120757893409,0.11726743009624
0.383561767577759,0.119441844877518
0.38355841444295,0.118199322145359
0.383555899591843,0.11726743009624
0.384996909276193,0.119441844877518
0.384993556141384,0.118199322145359
0.384991041290276,0.11726743009624
0.386432050974626,0.119441844877518
0.386428697839817,0.118199322145359
0.38642618298871,0.11726743009624
0.38786719267306,0.119441844877518
0.387863839538251,0.118199322145359
0.387861324687144,0.11726743009624
0.389302334371494,0.119441844877518
0.389298981236684,0.118199322145359
0.389296466385577,0.11726743009624
0.390737476069927,0.119441844877518
0.390734122935118,0.118199322145359
0.390731608084011,0.11726743009624
0.392172617768361,0.119441844877518
0.392169264633552,0.118199322145359
0.392166749782444,0.11726743009624
0.393607759466794,0.119441844877518
0.393604406331985,0.118199322145359
0.393601891480878,0.11726743009624
0.395042901165228,0.119441844877518
0.395039548030419,0.118199322145359
0.395037033179312,0.11726743009624
0.396478042863662,0.119441844877518
0.396474689728852,0.118199322145359
0.396472174877745,0.11726743009624
0.397913184562095,0.119441844877518
0.397909831427286,0.118199322145359
0.397906897434328,0.11711211475472
0.399345811409422,0.118509952828399
0.399342458274612,0.11726743009624
0.399339105139803,0.116024907364081
0.400780114824153,0.118199322145359
0.400776761689344,0.1169567994132
0.400773408554534,0.115714276681042
0.402215256522587,0.118199322145359
0.402211903387777,0.1169567994132
0.402208550252968,0.115714276681042
0.40365039822102,0.118199322145359
0.403647045086211,0.1169567994132
0.403643691951401,0.115714276681042
0.405085539919454,0.118199322145359
0.405082186784645,0.1169567994132
0.405078833649835,0.115714276681042
0.406520681617888,0.118199322145359
0.406517328483078,0.1169567994132
0.406513975348269,0.115714276681042
0.407955823316321,0.118199322145359
0.407952470181512,0.1169567994132
0.407949117046702,0.115714276681042
0.409390965014755,0.118199322145359
0.409387611879945,0.1169567994132
0.409384258745136,0.115714276681042
0.410826106713188,0.118199322145359
0.410822753578379,0.1169567994132
0.41081940044357,0.115714276681042
0.412261248411622,0.118199322145359
0.412257895276813,0.1169567994132
0.412254542142003,0.115714276681042
0.413696390110056,0.118199322145359
0.413693036975246,0.1169567994132
0.413689683840437,0.115714276681042
0.415131531808489,0.118199322145359
0.41512817867368,0.1169567994132
0.41512482553887,0.115714276681042
0.416566673506923,0.118199322145359
0.416563320372113,0.1169567994132
0.416559967237304,0.115714276681042
0.418001815205356,0.118199322145359
0.417998462070547,0.1169567994132
0.417995108935738,0.115714276681042
0.41943695690379,0.118199322145359
0.41943360376898,0.1169567994132
0.419430250634171,0.115714276681042
0.420872098602223,0.118199322145359
0.420868745467414,0.1169567994132
0.420865392332605,0.115714276681042
0.422307240300657,0.118199322145359
0.422303887165848,0.1169567994132
0.422300534031038,0.115714276681042
0.423742381999091,0.118199322145359
0.423739028864281,0.1169567994132
0.423735675729472,0.115714276681042
0.425177523697524,0.118199322145359
0.425174170562715,0.1169567994132
0.425170817427905,0.115714276681042
0.426612665395958,0.118199322145359
0.426609312261148,0.1169567994132
0.426605959126339,0.115714276681042
0.428047807094391,0.118199322145359
0.428044453959582,0.1169567994132
0.428041100824773,0.115714276681042
0.429482948792825,0.118199322145359
0.429479595658016,0.1169567994132
0.429476242523206,0.115714276681042
0.430918090491259,0.118199322145359
0.430914737356449,0.1169567994132
0.43091138422164,0.115714276681042
0.43235239390599,0.11788869146232
0.43234904077118,0.116646168730161
0.432346106778222,0.115558961339522
0.433785859037019,0.11726743009624
0.433782505902209,0.116024907364081
0.433422043910196,0.115403645998002
0.434615759902351,0.114575297509896
0.435218485884345,0.116335538047121
0.435932703598753,0.115093015314962
0.435929769605794,0.114005807924323
0.436653627582779,0.116335538047121
0.437367845297186,0.115093015314962
0.437364492162377,0.113850492582803
0.438088769281212,0.116335538047121
0.43880298699562,0.115093015314962
0.43879963386081,0.113850492582803
0.439523910979646,0.116335538047121
0.440238128694054,0.115093015314962
0.440234775559244,0.113850492582803
0.44095905267808,0.116335538047121
0.441673270392487,0.115093015314962
0.441669917257678,0.113850492582803
0.442394194376513,0.116335538047121
0.443108412090921,0.115093015314962
0.443105058956111,0.113850492582803
0.443829336074947,0.116335538047121
0.444543553789354,0.115093015314962
0.444540200654545,0.113850492582803
0.445264477773381,0.116335538047121
0.445978695487788,0.115093015314962
0.445975342352978,0.113850492582803
0.446699619471814,0.116335538047121
0.447413837186222,0.115093015314962
0.447410484051412,0.113850492582803
0.448134761170248,0.116335538047121
0.448848978884655,0.115093015314962
0.448845625749846,0.113850492582803
0.449569902868681,0.116335538047121
0.450284120583089,0.115093015314962
0.450280767448279,0.113850492582803
0.451005044567115,0.116335538047121
0.451719262281522,0.115093015314962
0.451715909146713,0.113850492582803
0.452440186265549,0.116335538047121
0.453154403979956,0.115093015314962
0.453151050845146,0.113850492582803
0.453875327963982,0.116335538047121
0.45458954567839,0.115093015314962
0.45458619254358,0.113850492582803
0.455310469662416,0.116335538047121
0.456024687376823,0.115093015314962
0.456021334242014,0.113850492582803
0.456744773077147,0.116024907364081
0.457577747649388,0.114471753948883
0.457454799373043,0.113229231216724
0.458893294206286,0.114471753948883
0.458889941071476,0.113229231216724
0.458887426220369,0.112297339167605
0.460328435904719,0.114471753948883
0.46032508276991,0.113229231216724
0.460322567918803,0.112297339167605
0.461763577603153,0.114471753948883
0.461760224468343,0.113229231216724
0.461757709617236,0.112297339167605
0.463198719301586,0.114471753948883
0.463195366166777,0.113229231216724
0.46319285131567,0.112297339167605
0.46463386100002,0.114471753948883
0.464630507865211,0.113229231216724
0.464627993014104,0.112297339167605
0.466069002698454,0.114471753948883
0.466065649563644,0.113229231216724
0.466063134712537,0.112297339167605
0.467504144396887,0.114471753948883
0.467500791262078,0.113229231216724
0.467498276410971,0.112297339167605
0.468939286095321,0.114471753948883
0.468935932960511,0.113229231216724
0.468933418109404,0.112297339167605
0.470374427793754,0.114471753948883
0.470371074658945,0.113229231216724
0.470368559807838,0.112297339167605
0.471809569492188,0.114471753948883
0.471806216357378,0.113229231216724
0.47180328236442,0.112142023826085
0.473243034623217,0.113850492582803
0.473239681488407,0.112607969850644
0.473236747495449,0.111520762460005
0.474675661470543,0.112918600533684
0.474672308335734,0.111676077801525
0.474669374342776,0.110588870410886
0.476109964885275,0.112607969850644
0.476106611750465,0.111365447118485
0.476104096899358,0.110433555069366
0.477545106583708,0.112607969850644
0.477541753448899,0.111365447118485
0.477539238597792,0.110433555069366
0.478621462857533,0.112607969850644
0.478976895147332,0.111365447118485
0.478973542012523,0.110122924386327
0.479688598010633,0.109191032337207
0.480412036845766,0.111365447118485
0.480408683710957,0.110122924386327
0.481242775994801,0.108983945215181
0.481845501976795,0.110744185752406
0.482559719691202,0.109501663020247
0.482557204840095,0.108569770971128
0.483280643675229,0.110744185752406
0.483994861389636,0.109501663020247
0.483991927396678,0.108414455629608
0.484715785373662,0.110744185752406
0.48543000308807,0.109501663020247
0.48542664995326,0.108259140288088
0.486142125093221,0.107482563580489
0.486862629935396,0.108569770971128
0.487695883935538,0.107120161116943
0.489012827631939,0.107637878922009
0.48900947449713,0.10639535618985
0.490447131046671,0.107327248238969
0.490443777911861,0.10608472550681
0.490083315919848,0.105463464140731
0.491276752484102,0.104531572091612
0.491878919610295,0.10608472550681
0.492711894182536,0.104531572091612
0.492230998765284,0.103599680042492
0.493424435329538,0.102667787993373
0.494026602455731,0.104220941408572
0.494136976476541,0.100804003895135
0.49365608105929,0.099872111846016
0.494859577027972,0.102667787993373
0.495572118174975,0.100804003895135
0.495448331614927,0.099250850479936
0.496174285301167,0.102357157310333
0.49688682644817,0.100493373212095
0.49688347331336,0.099250850479936
0.496880120178551,0.098008327747777
0.498316938444389,0.098629589113857
0.49831358530958,0.097387066381698
0.497953123317567,0.096765805015619
0.499146839309722,0.095937456527513
0.499748727008014,0.097387066381698
0.500462106438719,0.095833912966499
0.500459591587612,0.09490202091738
0.501183030422745,0.097076435698658
0.501897248137152,0.095833912966499
0.501894314144194,0.09474670557586
0.502617333837476,0.096765805015619
0.503450308409717,0.09521265160042
0.50332694099152,0.093814813526741
0.50476417839921,0.094591390234341
0.504760825264401,0.093348867502182
0.505594917548245,0.092209888331036
0.506197643530239,0.093970128868261
0.507031456386182,0.092727606136102
0.506908088967986,0.091329768062423
0.508348679510484,0.093348867502182
0.508345326375675,0.092106344770023
0.508342392382717,0.091019137379384
0.509423359216905,0.092727606136102
0.509778791506704,0.091485083403943
0.509775438371895,0.090242560671784
0.510490075228153,0.089155353281145
0.511213094921435,0.091174452720904
0.511209741786626,0.089931929988745
0.511923121217331,0.088378776573546
0.512647398336166,0.090863822037864
0.512644045201357,0.089621299305705
0.513478137485201,0.088482320134559
0.514080863467195,0.090242560671784
0.514795081181603,0.089000037939626
0.514792147188644,0.087912830548986
0.515516005165629,0.090242560671784
0.516349818021572,0.089000037939626
0.516226450603376,0.087602199865947
0.517664526294767,0.088689407256586
0.517661173159958,0.087446884524427
0.517658239167,0.086359677133788
0.519218424851035,0.088378776573546
0.519094638290987,0.086825623158348
0.518734176298974,0.086204361792268
0.520533971407932,0.088378776573546
0.520530618273123,0.087136253841387
0.520528103422016,0.086204361792268
0.521969113106366,0.088378776573546
0.521965759971557,0.087136253841387
0.521963245120449,0.086204361792268
0.5234042548048,0.088378776573546
0.52340090166999,0.087136253841387
0.523398386818883,0.086204361792268
0.524839396503233,0.088378776573546
0.524836043368424,0.087136253841387
0.524833528517317,0.086204361792268
0.526276214769071,0.089000037939626
0.526272861634262,0.087757515207467
0.526269508499453,0.086514992475308
0.5277096799001,0.088378776573546
0.527706326765291,0.087136253841387
0.527703811914184,0.086204361792268
0.529144821598534,0.088378776573546
0.529141468463725,0.087136253841387
0.529138953612617,0.086204361792268
0.530579963296967,0.088378776573546
0.530576610162158,0.087136253841387
0.530574095311051,0.086204361792268
0.532014266711699,0.088068145890506
0.532010913576889,0.086825623158348
0.532007979583931,0.085738415767708
0.533446055275323,0.086825623158348
0.533442702140513,0.085583100426189
0.533440187289406,0.084651208377069
0.534880358690054,0.086514992475308
0.534877005555245,0.085272469743149
0.534874490704138,0.08434057769403
0.536315500388488,0.086514992475308
0.536312147253678,0.085272469743149
0.536309632402571,0.08434057769403
0.537750642086921,0.086514992475308
0.537747288952112,0.085272469743149
0.537744774101005,0.08434057769403
0.539185783785355,0.086514992475308
0.539182430650546,0.085272469743149
0.539179915799439,0.08434057769403
0.540620925483789,0.086514992475308
0.540617572348979,0.085272469743149
0.540615057497872,0.08434057769403
0.542056067182222,0.086514992475308
0.542052714047413,0.085272469743149
0.542050199196306,0.08434057769403
0.543491208880656,0.086514992475308
0.543487855745846,0.085272469743149
0.543485340894739,0.08434057769403
0.544926350579089,0.086514992475308
0.54492299744428,0.085272469743149
0.544920482593173,0.08434057769403
0.546361492277523,0.086514992475308
0.546358139142714,0.085272469743149
0.546355624291607,0.08434057769403
0.547796633975957,0.086514992475308
0.547793280841147,0.085272469743149
0.54779076599004,0.08434057769403
0.54923177567439,0.086514992475308
0.549228422539581,0.085272469743149
0.549225907688474,0.08434057769403
0.550668593940229,0.087136253841387
0.550665240805419,0.085893731109228
0.55066188767061,0.084651208377069
0.552102059071257,0.086514992475308
0.552098705936448,0.085272469743149
0.552096191085341,0.08434057769403
0.553537200769691,0.086514992475308
0.553533847634882,0.085272469743149
0.553531332783775,0.08434057769403
0.554972342468124,0.086514992475308
0.554968989333315,0.085272469743149
0.554966474482208,0.08434057769403
0.556407484166558,0.086514992475308
0.556404131031749,0.085272469743149
0.556401616180642,0.08434057769403
0.557842625864992,0.086514992475308
0.557839272730182,0.085272469743149
0.557836757879075,0.08434057769403
0.559277767563425,0.086514992475308
0.559274414428616,0.085272469743149
0.559271899577509,0.08434057769403
0.560712909261859,0.086514992475308
0.56070955612705,0.085272469743149
0.560707041275943,0.08434057769403
0.562148050960293,0.086514992475308
0.562144697825483,0.085272469743149
0.562142182974376,0.08434057769403
0.563583192658726,0.086514992475308
0.563579839523917,0.085272469743149
0.56357732467281,0.08434057769403
0.56501833435716,0.086514992475308
0.56501498122235,0.085272469743149
0.565012466371243,0.08434057769403
0.566453476055593,0.086514992475308
0.566450122920784,0.085272469743149
0.566447608069677,0.08434057769403
0.567888617754027,0.086514992475308
0.567885264619217,0.085272469743149
0.56788274976811,0.08434057769403
0.56932375945246,0.086514992475308
0.569320406317651,0.085272469743149
0.569317891466544,0.08434057769403
0.570758901150894,0.086514992475308
0.570755548016085,0.085272469743149
0.570753033164978,0.08434057769403
0.572194042849328,0.086514992475308
0.572190689714518,0.085272469743149
0.572188174863411,0.08434057769403
0.573629184547761,0.086514992475308
0.573625831412952,0.085272469743149
0.573623316561845,0.08434057769403
0.575064326246195,0.086514992475308
0.575060973111385,0.085272469743149
0.575058458260278,0.08434057769403
0.576499467944629,0.086514992475308
0.576496114809819,0.085272469743149
0.576493599958712,0.08434057769403
0.577934609643062,0.086514992475308
0.577931256508253,0.085272469743149
0.577928741657146,0.08434057769403
0.579369751341496,0.086514992475308
0.579366398206686,0.085272469743149
0.579363883355579,0.08434057769403
0.580804893039929,0.086514992475308
0.58080153990512,0.085272469743149
0.580799025054013,0.08434057769403
0.582240034738363,0.086514992475308
0.582236681603554,0.085272469743149
0.582234166752446,0.08434057769403
0.583675176436796,0.086514992475308
0.583671823301987,0.085272469743149
0.58366930845088,0.08434057769403
0.58511031813523,0.086514992475308
0.585106965000421,0.085272469743149
0.585104450149314,0.08434057769403
0.586545459833664,0.086514992475308
0.586542106698854,0.085272469743149
0.586539591847747,0.08434057769403
0.588100196673633,0.086514992475308
0.587976410113586,0.084961839060109
0.587615948121572,0.08434057769403
0.589417419797936,0.087136253841387
0.589414066663126,0.085893731109228
0.589410713528317,0.084651208377069
0.590850884928964,0.086514992475308
0.590847531794155,0.085272469743149
0.590845016943048,0.08434057769403
0.592286026627398,0.086514992475308
0.592282673492589,0.085272469743149
0.592280158641482,0.08434057769403
0.593721168325832,0.086514992475308
0.593717815191022,0.085272469743149
0.593715300339915,0.08434057769403
0.595156310024265,0.086514992475308
0.595152956889456,0.085272469743149
0.595150442038349,0.08434057769403
0.596591451722699,0.086514992475308
0.59658809858789,0.085272469743149
0.596585583736782,0.08434057769403
0.598026593421132,0.086514992475308
0.598023240286323,0.085272469743149
0.598020725435216,0.08434057769403
0.599461735119566,0.086514992475308
0.599458381984757,0.085272469743149
0.59945586713365,0.08434057769403
0.600896876818,0.086514992475308
0.60089352368319,0.085272469743149
0.600891008832083,0.08434057769403
0.602332018516433,0.086514992475308
0.602328665381624,0.085272469743149
0.602326150530517,0.08434057769403
0.603767160214867,0.086514992475308
0.603763807080057,0.085272469743149
0.60376129222895,0.08434057769403
0.6052023019133,0.086514992475308
0.605198948778491,0.085272469743149
0.605196433927384,0.08434057769403
0.606637443611734,0.086514992475308
0.606634090476925,0.085272469743149
0.606631575625818,0.08434057769403
0.608072585310168,0.086514992475308
0.608069232175358,0.085272469743149
0.608066717324251,0.08434057769403
0.609509403576006,0.087136253841387
0.609506050441196,0.085893731109228
0.609502697306387,0.084651208377069
0.610943706990737,0.086825623158348
0.610940353855928,0.085583100426189
0.61093741986297,0.08449589303555
0.612378010405468,0.086514992475308
0.612374657270659,0.085272469743149
0.612372142419552,0.08434057769403
0.613813152103902,0.086514992475308
0.613809798969093,0.085272469743149
0.613807284117986,0.08434057769403
0.615248293802336,0.086514992475308
0.615244940667526,0.085272469743149
0.615242425816419,0.08434057769403
0.616683435500769,0.086514992475308
0.61668008236596,0.085272469743149
0.616677567514853,0.08434057769403
0.618118577199203,0.086514992475308
0.618115224064393,0.085272469743149
0.618112709213286,0.08434057769403
0.619553718897636,0.086514992475308
0.619550365762827,0.085272469743149
0.61954785091172,0.08434057769403
0.62098886059607,0.086514992475308
0.620985507461261,0.085272469743149
0.620982992610154,0.08434057769403
0.622424002294504,0.086514992475308
0.622420649159694,0.085272469743149
0.622418134308587,0.08434057769403
0.623859143992937,0.086514992475308
0.623855790858128,0.085272469743149
0.623853276007021,0.08434057769403
0.625294285691371,0.086514992475308
0.625290932556561,0.085272469743149
0.625288417705454,0.08434057769403
0.626728589106102,0.086204361792268
0.626725235971293,0.084961839060109
0.62636477397928,0.08434057769403
0.628162892520833,0.085893731109228
0.628159539386024,0.084651208377069
0.62959551936816,0.084961839060109
0.629235057376147,0.08434057769403
0.631029822782891,0.084651208377069
0.632464964481325,0.084651208377069
0.633900106179758,0.084651208377069
0.635335247878192,0.084651208377069
0.636770389576626,0.084651208377069
0.638205531275059,0.084651208377069
0.639640672973493,0.084651208377069
0.641075814671926,0.084651208377069
0.64251095637036,0.084651208377069
0.643946098068793,0.084651208377069
0.645381239767227,0.084651208377069
0.646816381465661,0.084651208377069
0.648251523164094,0.084651208377069
0.649686664862528,0.084651208377069
0.651121806560962,0.084651208377069
0.652678219968336,0.085272469743149
0.652197324551084,0.08434057769403
0.653280387094528,0.086825623158348
0.653993766525233,0.085272469743149
0.653991251674126,0.08434057769403
0.65471469050926,0.086514992475308
0.655428908223667,0.085272469743149
0.65542639337256,0.08434057769403
0.656149832207693,0.086514992475308
0.656864049922101,0.085272469743149
0.656861535070994,0.08434057769403
0.657584973906127,0.086514992475308
0.658299191620534,0.085272469743149
0.658296676769427,0.08434057769403
0.65902011560456,0.086514992475308
0.659734333318968,0.085272469743149
0.659731818467861,0.08434057769403
0.660455257302994,0.086514992475308
0.661169475017401,0.085272469743149
0.661166960166294,0.08434057769403
0.661890399001427,0.086514992475308
0.662604616715835,0.085272469743149
0.662602101864728,0.08434057769403
0.663325540699861,0.086514992475308
0.664039758414269,0.085272469743149
0.664037243563162,0.08434057769403
0.664760682398295,0.086514992475308
0.665474900112702,0.085272469743149
0.665472385261595,0.08434057769403
0.666195824096728,0.086514992475308
0.666910041811136,0.085272469743149
0.666907526960029,0.08434057769403
0.667630965795162,0.086514992475308
0.668345183509569,0.085272469743149
0.668342668658462,0.08434057769403
0.669066107493596,0.086514992475308
0.669780325208003,0.085272469743149
0.669777810356896,0.08434057769403
0.670501249192029,0.086514992475308
0.671215466906437,0.085272469743149
0.67121295205533,0.08434057769403
0.671936390890463,0.086514992475308
0.672770203746406,0.085272469743149
0.672289308329155,0.08434057769403
0.674084912019601,0.084961839060109
0.673724450027588,0.08434057769403
0.675519215434333,0.084651208377069
0.676954357132766,0.084651208377069
0.6783894988312,0.084651208377069
0.679824640529634,0.084651208377069
0.681259782228067,0.084651208377069
0.682694923926501,0.084651208377069
0.684130065624934,0.084651208377069
0.685565207323368,0.084651208377069
0.687000349021802,0.084651208377069
0.688435490720235,0.084651208377069
0.689870632418669,0.084651208377069
0.691305774117102,0.084651208377069
0.692740915815536,0.084651208377069
0.694176057513969,0.084651208377069
0.695611199212403,0.084651208377069
0.697046340910837,0.084651208377069
0.69848148260927,0.084651208377069
0.699916624307704,0.084651208377069
0.701351766006137,0.084651208377069
0.702786907704571,0.084651208377069
0.704222049403005,0.084651208377069
0.705657191101438,0.084651208377069
0.707092332799872,0.084651208377069
0.708527474498305,0.084651208377069
0.709962616196739,0.084651208377069
0.709959682203781,0.08356400098643
0.711397757895173,0.084651208377069
0.711394404760363,0.083408685644911
0.712832899593606,0.084651208377069
0.712829546458797,0.083408685644911
0.71282703160769,0.082476793595791
0.714269717859444,0.085272469743149
0.714266364724635,0.08402994701099
0.714263849873528,0.083098054961871
0.715704859557878,0.085272469743149
0.715701506423069,0.08402994701099
0.715698991571962,0.083098054961871
0.717140001256312,0.085272469743149
0.717136648121502,0.08402994701099
0.717134133270395,0.083098054961871
0.718575142954745,0.085272469743149
0.718571789819936,0.08402994701099
0.718568855826978,0.082942739620351
0.720010284653179,0.085272469743149
0.720006931518369,0.08402994701099
0.72000357838356,0.082787424278831
0.721445426351612,0.085272469743149
0.721442073216803,0.08402994701099
0.721438720081994,0.082787424278831
0.722880568050046,0.085272469743149
0.722877214915237,0.08402994701099
0.722873861780427,0.082787424278831
0.72431570974848,0.085272469743149
0.72431235661367,0.08402994701099
0.724309003478861,0.082787424278831
0.725750851446913,0.085272469743149
0.725747498312104,0.08402994701099
0.725744145177294,0.082787424278831
0.727185993145347,0.085272469743149
0.727182640010537,0.08402994701099
0.727179706017579,0.082942739620351
0.72862113484378,0.085272469743149
0.728617781708971,0.08402994701099
0.728614428574162,0.082787424278831
0.730056276542214,0.085272469743149
0.730052923407405,0.08402994701099
0.730049570272595,0.082787424278831
0.731491418240648,0.085272469743149
0.731488065105838,0.08402994701099
0.73148513111288,0.082942739620351
0.732926559939081,0.085272469743149
0.732923206804272,0.08402994701099
0.732920691953165,0.083098054961871
0.734361701637515,0.085272469743149
0.734358348502705,0.08402994701099
0.734354995367896,0.082787424278831
0.735792651917437,0.08371931632795
0.735789717924478,0.082632108937311
0.737226955332168,0.083408685644911
0.737224440481061,0.082476793595791
0.738662097030602,0.083408685644911
0.738659582179494,0.082476793595791
0.740096819587184,0.083253370303391
0.741531542143766,0.083098054961871
0.7429666838422,0.083098054961871
0.744401825540634,0.083098054961871
0.745836967239067,0.083098054961871
0.747272108937501,0.083098054961871
0.748707250635934,0.083098054961871
0.750142392334368,0.083098054961871
0.751696849746437,0.082994511400858
0.753013514014937,0.083408685644911
0.752652213739222,0.082476793595791
0.754447817429669,0.083098054961871
0.766642330447843,0.081544901546672
0.767718686721668,0.081544901546672
0.777410922888309,0.083408685644911
0.778125559744567,0.082321478254271
0.778846064586742,0.083408685644911
0.779679877442686,0.082166162912752
0.77955692916634,0.080923640180593
0.780996262283286,0.082476793595791
0.780992909148476,0.081234270863632
0.780989975155518,0.080147063472993
0.782428889130612,0.081544901546672
0.782425535995803,0.080302378814513
0.782423021144696,0.079370486765394
0.783864030829046,0.081544901546672
0.783860677694236,0.080302378814513
0.783858162843129,0.079370486765394
0.785299172527479,0.081544901546672
0.78529581939267,0.080302378814513
0.785293304541563,0.079370486765394
0.786734314225913,0.081544901546672
0.786730961091104,0.080302378814513
0.786728446239996,0.079370486765394
0.788169455924346,0.081544901546672
0.788166102789537,0.080302378814513
0.78816358793843,0.079370486765394
0.789603759339078,0.081234270863632
0.789600406204268,0.079991748131474
0.789597891353161,0.079059856082354
0.791037224470107,0.080613009497553
0.791033871335297,0.079370486765394
0.791030518200488,0.078127964033235
0.792470689601136,0.079991748131474
0.792467336466326,0.078749225399315
0.792464402473368,0.077662018008676
0.793904993015867,0.079681117448434
0.793901639881057,0.078438594716275
0.79389912502995,0.077506702667156
0.7953401347143,0.079681117448434
0.795336781579491,0.078438594716275
0.795333847586533,0.077351387325636
0.796772761561627,0.078749225399315
0.796769408426818,0.077506702667156
0.796766474433859,0.076419495276517
0.798207064976358,0.078438594716275
0.798203711841549,0.077196071984116
0.798200358706739,0.075953549251957
0.799640530107387,0.077817333350195
0.799637176972577,0.076574810618037
0.799634242979619,0.075487603227398
0.800715209813808,0.077196071984116
0.801070642103606,0.075953549251957
0.801067288968797,0.074711026519798
0.801781925825056,0.073623819129159
0.802504945518338,0.075642918568917
0.802501592383528,0.074400395836759
0.80333484638367,0.072950785982573
0.803937572365664,0.074711026519798
0.804651790080072,0.073468503787639
0.804648856087113,0.072381296397
0.805371875780395,0.074400395836759
0.8060852552111,0.07284724242156
0.806082321218142,0.071760035030921
0.806805340911424,0.073779134470679
0.807518720342129,0.07222598105548
0.80751536720732,0.070983458323322
0.808349738919065,0.069948022713189
0.808952185473158,0.071604719689401
0.809666403187566,0.070362196957242
0.809663050052756,0.069119674225083
0.810497421764501,0.068084238614951
0.811099868318595,0.069740935591163
0.811814086033002,0.068498412859004
0.811810732898192,0.067255890126845
0.812644545754136,0.066013367394686
0.813247551164031,0.067877151492924
0.813237491759602,0.064149583296448
0.813961768878438,0.066634628760766
0.813958415743629,0.065392106028607
0.813952128615861,0.063062375905809
0.814792228599572,0.064149583296448
0.815394395725765,0.065702736711646
0.815504769746575,0.062285799198209
0.816106936872767,0.063838952613408
0.816820316303472,0.062285799198209
0.816816963168663,0.06104327646605
0.816813610033853,0.059800753733892
0.817647422889797,0.058558231001733
0.818253781434501,0.06166453783213
0.818250428299692,0.060422015099971
0.818240788037115,0.056849762245014
0.818964646014099,0.059179492367812
0.81896129287929,0.057936969635653
0.818955005751522,0.055607239512855
0.819326784573517,0.060422015099971
0.819795105735233,0.056694446903494
0.819788958321416,0.054416488561203
0.820397272861426,0.058247600318693
0.821230247433667,0.056694446903494
0.821106460873619,0.055141293488296
0.821103107738809,0.053898770756137
0.821816906311366,0.052500932682458
0.822539926004648,0.054520032122216
0.822536572869839,0.053277509390057
0.822650300025458,0.051103094608779
0.82252651346541,0.049549941193581
0.822523998614303,0.048618049144462
0.823613767427366,0.053588140073097
0.823969199717165,0.052345617340938
0.823965846582355,0.051103094608779
0.823962493447546,0.04986057187662
0.823959140312737,0.048618049144462
0.823956206319778,0.047530841753822
0.824670004892335,0.046133003680144
0.824666651757525,0.044890480947985
0.824663298622716,0.043647958215826
0.825403503131896,0.052034986657899
0.825400149997087,0.05079246392574
0.825396796862277,0.049549941193581
0.825393443727468,0.048307418461422
0.825390090592659,0.047064895729263
0.825497670334461,0.042612522605694
0.8262230651649,0.045511742314064
0.826099278604852,0.043958588898866
0.826825232291092,0.047064895729263
0.826932253177093,0.042405435483667
0.826808466617045,0.040852282068468
0.826805113482236,0.03960975933631
0.826801760347426,0.038367236604151
0.827179826297189,0.045511742314064
0.827534420303285,0.043958588898866
0.827635293775469,0.037021170310979
0.828246961450288,0.042094804800627
0.828243608315479,0.040852282068468
0.828240255180669,0.03960975933631
0.82823690204586,0.038367236604151
0.829069876618101,0.036814083188952
0.828946090058053,0.035260929773753
0.828942736923244,0.034018407041595
0.828939383788434,0.032775884309436
0.829320802873006,0.041162912751508
0.829317449738197,0.039920390019349
0.829314096603387,0.03867786728719
0.830386261458701,0.037124713871992
0.830382908323891,0.035882191139833
0.830379555189082,0.034639668407674
0.830376202054272,0.033397145675515
0.830372848919463,0.032154622943356
0.830369495784653,0.030912100211197
0.831082875215359,0.029358946795999
0.831079522080549,0.02811642406384
0.831076588087591,0.027029216673201
0.831458426314014,0.035571560456793
0.831455073179205,0.034329037724634
0.831451720044395,0.033086514992475
0.831807152334194,0.031843992260317
0.831803799199385,0.030601469528158
0.832637612055328,0.029358946795999
0.83251382549528,0.0278057933808
0.832510472360471,0.026563270648641
0.832507119225662,0.025320747916482
0.832503766090852,0.024078225184323
0.832500412956043,0.022835702452165
0.832881832040615,0.031222730894237
0.833596049755022,0.029980208162078
0.833591020052808,0.02811642406384
0.833945614058905,0.026563270648641
0.833942260924095,0.025320747916482
0.833938907789286,0.024078225184323
0.833935554654476,0.022835702452165
0.833575092662463,0.022214441086085
0.835019455481623,0.025631378599522
0.835016102346813,0.024388855867363
0.835012749212004,0.023146333135204
0.835010234360897,0.022214441086085
